,abs_phosphatase_grad,kcat/Km,phosphatase_conc,meg3_grad,meg3p_grad,meg3-rna_grad,fast_meg3_grad,total_meg3_grad
0,0.9926082195468023,3.7052622787255235e-07,2821.4281926410063,0.878138847858198,-0.04712401909230657,0.8555844155844156,0.0009203865623561569,0.021446483600114696
